Event ID Number,Field,DB Value,CSV Value
100,Division Name,Physical Education,Physical Education Athletics
101,Division Name,Physical Education,Physical Education Athletics
102,Division Name,Physical Education,Physical Education Athletics
103,Division Name,Physical Education,Physical Education Athletics
104,Division Name,Physical Education,Physical Education Athletics
105,Division Name,Physical Education,Physical Education Athletics
106,Division Name,Physical Education,Physical Education Athletics
109,Division Name,Exhibits,Physical Education - Sports
110,Division Name,Exhibits,Physical Education - Sports
111,Division Name,Exhibits,Physical Education - Sports
112,Division Name,Exhibits,Physical Education - Sports
113,Division Name,Exhibits,Physical Education - Sports
130,Division Name,Physical Education,Physical Education Athletics
131,Division Name,Physical Education,Physical Education Athletics
132,Division Name,Physical Education,Physical Education Athletics
133,Division Name,Physical Education,Physical Education Athletics
134,Division Name,Physical Education,Physical Education Athletics
135,Division Name,Physical Education,Physical Education Athletics
136,Division Name,Physical Education,Physical Education Athletics
137,Division Name,Physical Education,Physical Education Athletics
138,Division Name,Physical Education,Physical Education Athletics
139,Division Name,Exhibits,Physical Education - Sports
140,Division Name,Exhibits,Physical Education - Sports
141,Division Name,Exhibits,Physical Education - Sports
142,Division Name,Exhibits,Physical Education - Sports
143,Division Name,Exhibits,Physical Education - Sports
160,Division Name,Physical Education,Physical Education Athletics
161,Division Name,Physical Education,Physical Education Athletics
162,Division Name,Physical Education,Physical Education Athletics
163,Division Name,Physical Education,Physical Education Athletics
164,Division Name,Physical Education,Physical Education Athletics
165,Division Name,Physical Education,Physical Education Athletics
166,Division Name,Physical Education,Physical Education Athletics
167,Division Name,Physical Education,Physical Education Athletics
168,Division Name,Physical Education,Physical Education Athletics
169,Division Name,Exhibits,Physical Education - Sports
170,Division Name,Exhibits,Physical Education - Sports
171,Division Name,Exhibits,Physical Education - Sports
172,Division Name,Exhibits,Physical Education - Sports
173,Division Name,Exhibits,Physical Education - Sports
174,Division Name,Exhibits,Physical Education - Sports
175,Division Name,Exhibits,Physical Education - Sports
176,Division Name,Exhibits,Physical Education - Sports
177,Division Name,Exhibits,Physical Education - Sports
200,Division Name,Physical Education,Physical Education Athletics
201,Division Name,Physical Education,Physical Education Athletics
202,Division Name,Physical Education,Physical Education Athletics
203,Division Name,Physical Education,Physical Education Athletics
204,Division Name,Physical Education,Physical Education Athletics
205,Division Name,Physical Education,Physical Education Athletics
206,Division Name,Physical Education,Physical Education Athletics
209,Division Name,Exhibits,Physical Education - Sports
210,Division Name,Exhibits,Physical Education - Sports
211,Division Name,Exhibits,Physical Education - Sports
212,Division Name,Exhibits,Physical Education - Sports
213,Division Name,Exhibits,Physical Education - Sports
230,Division Name,Physical Education,Physical Education Athletics
231,Division Name,Physical Education,Physical Education Athletics
232,Division Name,Physical Education,Physical Education Athletics
233,Division Name,Physical Education,Physical Education Athletics
234,Division Name,Physical Education,Physical Education Athletics
235,Division Name,Physical Education,Physical Education Athletics
236,Division Name,Physical Education,Physical Education Athletics
237,Division Name,Physical Education,Physical Education Athletics
238,Division Name,Physical Education,Physical Education Athletics
239,Division Name,Exhibits,Physical Education - Sports
240,Division Name,Exhibits,Physical Education - Sports
241,Division Name,Exhibits,Physical Education - Sports
242,Division Name,Exhibits,Physical Education - Sports
243,Division Name,Exhibits,Physical Education - Sports
260,Division Name,Physical Education,Physical Education Athletics
261,Division Name,Physical Education,Physical Education Athletics
262,Division Name,Physical Education,Physical Education Athletics
263,Division Name,Physical Education,Physical Education Athletics
264,Division Name,Physical Education,Physical Education Athletics
265,Division Name,Physical Education,Physical Education Athletics
266,Division Name,Physical Education,Physical Education Athletics
267,Division Name,Physical Education,Physical Education Athletics
268,Division Name,Physical Education,Physical Education Athletics
269,Division Name,Exhibits,Physical Education - Sports
270,Division Name,Exhibits,Physical Education - Sports
271,Division Name,Exhibits,Physical Education - Sports
272,Division Name,Exhibits,Physical Education - Sports
273,Division Name,Exhibits,Physical Education - Sports
274,Division Name,Exhibits,Physical Education - Sports
275,Division Name,Exhibits,Physical Education - Sports
276,Division Name,Exhibits,Physical Education - Sports
277,Division Name,Exhibits,Physical Education - Sports
300,Division Name,Music,Exhibits - Manual Arts
301,Division Name,Music,Exhibits - Manual Arts
302,Division Name,Music,Exhibits - Manual Arts
303,Division Name,Music,Exhibits - Manual Arts
304,Division Name,Music,Exhibits - Manual Arts
306,Division Name,Music,Exhibits - Manual Arts
307,Division Name,Music,Exhibits - Manual Arts
308,Division Name,Music,Exhibits - Manual Arts
309,Division Name,Music,Exhibits - Manual Arts
310,Division Name,Music,Exhibits - Manual Arts
311,Division Name,Music,Exhibits - Manual Arts
312,Division Name,Music,Exhibits - Manual Arts
313,Division Name,Music,Exhibits - Manual Arts
314,Division Name,Music,Exhibits - Manual Arts
315,Division Name,Music,Exhibits - Manual Arts
316,Division Name,Music,Exhibits - Manual Arts
318,Division Name,Music,Exhibits - Manual Arts
320,Division Name,Music,Exhibits - Manual Arts
321,Division Name,Music,Exhibits - Manual Arts
322,Division Name,Music,Exhibits - Manual Arts
323,Division Name,Music,Exhibits - Manual Arts
324,Division Name,Music,Exhibits - Manual Arts
325,Division Name,Music,Exhibits - Manual Arts
326,Division Name,Music,Exhibits - Manual Arts
350,Division Name,Music,Exhibits - Manual Arts
351,Division Name,Music,Exhibits - Manual Arts
352,Division Name,Music,Exhibits - Manual Arts
353,Division Name,Music,Exhibits - Manual Arts
354,Division Name,Music,Exhibits - Manual Arts
356,Division Name,Music,Exhibits - Manual Arts
357,Division Name,Music,Exhibits - Manual Arts
358,Division Name,Music,Exhibits - Manual Arts
359,Division Name,Music,Exhibits - Manual Arts
360,Division Name,Music,Exhibits - Manual Arts
361,Division Name,Music,Exhibits - Manual Arts
362,Division Name,Music,Exhibits - Manual Arts
363,Division Name,Music,Exhibits - Manual Arts
364,Division Name,Music,Exhibits - Manual Arts
365,Division Name,Music,Exhibits - Manual Arts
366,Division Name,Music,Exhibits - Manual Arts
368,Division Name,Music,Exhibits - Manual Arts
370,Division Name,Music,Exhibits - Manual Arts
371,Division Name,Music,Exhibits - Manual Arts
372,Division Name,Music,Exhibits - Manual Arts
373,Division Name,Music,Exhibits - Manual Arts
374,Division Name,Music,Exhibits - Manual Arts
375,Division Name,Music,Exhibits - Manual Arts
376,Division Name,Music,Exhibits - Manual Arts
400,Division Name,,Exhibits - Media Arts
401,Division Name,,Exhibits - Media Arts
402,Division Name,,Exhibits - Media Arts
403,Division Name,,Exhibits - Media Arts
404,Division Name,,Exhibits - Media Arts
405,Division Name,,Exhibits - Media Arts
406,Division Name,,Exhibits - Media Arts
407,Division Name,,Exhibits - Media Arts
411,Division Name,,Exhibits - Media Arts
412,Division Name,,Exhibits - Media Arts
413,Division Name,,Exhibits - Media Arts
414,Division Name,,Exhibits - Media Arts
415,Division Name,,Exhibits - Media Arts
450,Division Name,,Exhibits - Media Arts
451,Division Name,,Exhibits - Media Arts
452,Division Name,,Exhibits - Media Arts
453,Division Name,,Exhibits - Media Arts
454,Division Name,,Exhibits - Media Arts
455,Division Name,,Exhibits - Media Arts
456,Division Name,,Exhibits - Media Arts
457,Division Name,,Exhibits - Media Arts
461,Division Name,,Exhibits - Media Arts
462,Division Name,,Exhibits - Media Arts
463,Division Name,,Exhibits - Media Arts
464,Division Name,,Exhibits - Media Arts
465,Division Name,,Exhibits - Media Arts
466,Division Name,,Exhibits - Media Arts
467,Division Name,,Exhibits - Media Arts
468,Division Name,,Exhibits - Media Arts
500,Division Name,Scripture,Exhibits - Visual Arts
501,Division Name,Scripture,Exhibits - Visual Arts
502,Division Name,Scripture,Exhibits - Visual Arts
503,Division Name,Scripture,Exhibits - Visual Arts
504,Division Name,Scripture,Exhibits - Visual Arts
505,Division Name,Scripture,Exhibits - Visual Arts
506,Division Name,Scripture,Exhibits - Visual Arts
507,Division Name,Scripture,Exhibits - Visual Arts
508,Division Name,Scripture,Exhibits - Visual Arts
509,Division Name,Scripture,Exhibits - Visual Arts
510,Division Name,Scripture,Exhibits - Visual Arts
550,Division Name,Scripture,Exhibits - Visual Arts
551,Division Name,Scripture,Exhibits - Visual Arts
552,Division Name,Scripture,Exhibits - Visual Arts
553,Division Name,Scripture,Exhibits - Visual Arts
554,Division Name,Scripture,Exhibits - Visual Arts
555,Division Name,Scripture,Exhibits - Visual Arts
556,Division Name,Scripture,Exhibits - Visual Arts
557,Division Name,Scripture,Exhibits - Visual Arts
558,Division Name,Scripture,Exhibits - Visual Arts
559,Division Name,Scripture,Exhibits - Visual Arts
560,Division Name,Scripture,Exhibits - Visual Arts
600,Division Name,,Music - Combined
601,Division Name,,Music - Combined
602,Division Name,,Music - Combined
603,Division Name,,Music - Combined
605,Division Name,,Music - Combined
650,Division Name,,Music - Combined
651,Division Name,,Music - Combined
652,Division Name,,Music - Combined
653,Division Name,,Music - Combined
654,Division Name,,Music - Combined
655,Division Name,,Music - Combined
656,Division Name,,Music - Combined
700,Division Name,,Music - Instrumental
702,Division Name,,Music - Instrumental
703,Division Name,,Music - Instrumental
704,Division Name,,Music - Instrumental
705,Division Name,,Music - Instrumental
706,Division Name,,Music - Instrumental
707,Division Name,,Music - Instrumental
708,Division Name,,Music - Instrumental
709,Division Name,,Music - Instrumental
710,Division Name,,Music - Instrumental
711,Division Name,,Music - Instrumental
712,Division Name,,Music - Instrumental
713,Division Name,,Music - Instrumental
714,Division Name,,Music - Instrumental
715,Division Name,,Music - Instrumental
716,Division Name,,Music - Instrumental
717,Division Name,,Music - Instrumental
718,Division Name,,Music - Instrumental
750,Division Name,,Music - Instrumental
752,Division Name,,Music - Instrumental
753,Division Name,,Music - Instrumental
754,Division Name,,Music - Instrumental
755,Division Name,,Music - Instrumental
756,Division Name,,Music - Instrumental
757,Division Name,,Music - Instrumental
758,Division Name,,Music - Instrumental
759,Division Name,,Music - Instrumental
760,Division Name,,Music - Instrumental
761,Division Name,,Music - Instrumental
762,Division Name,,Music - Instrumental
763,Division Name,,Music - Instrumental
764,Division Name,,Music - Instrumental
765,Division Name,,Music - Instrumental
766,Division Name,,Music - Instrumental
767,Division Name,,Music - Instrumental
768,Division Name,,Music - Instrumental
780,Division Name,,Music - Instrumental
781,Division Name,,Music - Instrumental
782,Division Name,,Music - Instrumental
800,Division Name,,Music - Vocal
801,Division Name,,Music - Vocal
802,Division Name,,Music - Vocal
803,Division Name,,Music - Vocal
804,Division Name,,Music - Vocal
805,Division Name,,Music - Vocal
806,Division Name,,Music - Vocal
807,Division Name,,Music - Vocal
808,Division Name,,Music - Vocal
809,Division Name,,Music - Vocal
810,Division Name,,Music - Vocal
811,Division Name,,Music - Vocal
812,Division Name,,Music - Vocal
813,Division Name,,Music - Vocal
814,Division Name,,Music - Vocal
815,Division Name,,Music - Vocal
850,Division Name,,Music - Vocal
851,Division Name,,Music - Vocal
852,Division Name,,Music - Vocal
853,Division Name,,Music - Vocal
854,Division Name,,Music - Vocal
855,Division Name,,Music - Vocal
856,Division Name,,Music - Vocal
857,Division Name,,Music - Vocal
858,Division Name,,Music - Vocal
859,Division Name,,Music - Vocal
860,Division Name,,Music - Vocal
861,Division Name,,Music - Vocal
862,Division Name,,Music - Vocal
863,Division Name,,Music - Vocal
864,Division Name,,Music - Vocal
865,Division Name,,Music - Vocal
870,Division Name,,Music - Vocal
871,Division Name,,Music - Vocal
900,Division Name,,Platform
901,Division Name,,Platform
902,Division Name,,Platform
903,Division Name,,Platform
906,Division Name,,Platform
907,Division Name,,Platform
908,Division Name,,Platform
909,Division Name,,Platform
910,Division Name,,Platform
911,Division Name,,Platform
912,Division Name,,Platform
913,Division Name,,Platform
914,Division Name,,Platform
915,Division Name,,Platform
920,Division Name,,Platform
921,Division Name,,Platform
922,Division Name,,Platform
923,Division Name,,Platform
924,Division Name,,Platform
925,Division Name,,Platform
926,Division Name,,Platform
927,Division Name,,Platform
928,Division Name,,Platform
929,Division Name,,Platform
950,Division Name,,Platform
951,Division Name,,Platform
952,Division Name,,Platform
953,Division Name,,Platform
954,Division Name,,Platform
956,Division Name,,Platform
957,Division Name,,Platform
958,Division Name,,Platform
959,Division Name,,Platform
960,Division Name,,Platform
961,Division Name,,Platform
962,Division Name,,Platform
963,Division Name,,Platform
964,Division Name,,Platform
965,Division Name,,Platform
970,Division Name,,Platform
971,Division Name,,Platform
972,Division Name,,Platform
973,Division Name,,Platform
974,Division Name,,Platform
975,Division Name,,Platform
976,Division Name,,Platform
977,Division Name,,Platform
978,Division Name,,Platform
979,Division Name,,Platform
1000,Division Name,,Scripture
1001,Division Name,,Scripture
1002,Division Name,,Scripture
1003,Division Name,,Scripture
1004,Division Name,,Scripture
1005,Division Name,,Scripture
1050,Division Name,,Scripture
1051,Division Name,,Scripture
1052,Division Name,,Scripture
1053,Division Name,,Scripture
1054,Division Name,,Scripture
1055,Division Name,,Scripture
1056,Division Name,,Scripture
1057,Division Name,,Scripture
1058,Division Name,,Scripture
